City_ID,City,Lat,Lng,Max Temp,Humidity,Cloudiness,Wind Speed,Country,Date
0,bathsheba,13.2167,-59.5167,83.01,74,20,17.27,BB,1712878124
1,mvurwi,-17.0333,30.85,59.34,97,100,7.18,ZW,1712878124
2,oroqen zizhiqi,50.5667,123.7167,39.87,88,100,2.37,CN,1712878124
3,puerto natales,-51.7236,-72.4875,37.94,91,36,5.46,CL,1712878124
4,nabire,-3.3667,135.4833,75.36,96,100,2.01,ID,1712878124
5,port-aux-francais,-49.35,70.2167,42.8,85,100,5.5,TF,1712878124
6,bredasdorp,-34.5322,20.0403,56.34,72,4,8.48,ZA,1712878124
7,albany,42.6001,-73.9662,58.68,81,100,1.99,US,1712878125
8,el granada,37.5027,-122.4694,86.58,72,0,25.32,US,1712878125
9,edinburgh of the seven seas,-37.0676,-12.3116,65.19,94,65,15.68,SH,1712878125
10,cabo san lucas,22.8909,-109.9124,81.61,43,40,11.5,MX,1712878108
11,akureyri,65.6835,-18.0878,33.73,86,75,11.5,IS,1712878125
12,pacific grove,36.6177,-121.9166,77.45,74,0,10.0,US,1712878125
13,ancud,-41.8697,-73.8203,51.03,74,0,4.07,CL,1712877840
14,holualoa,19.6228,-155.9522,77.25,76,100,5.75,US,1712877898
15,touros,-5.1989,-35.4608,80.24,83,99,6.96,BR,1712878126
16,grytviken,-54.2811,-36.5092,29.14,69,12,9.69,GS,1712878126
17,embi,48.8264,58.1442,44.31,71,50,5.01,KZ,1712878126
18,luganville,-15.5333,167.1667,85.01,72,20,4.34,VU,1712878126
19,crane,31.3974,-102.3501,79.7,13,0,12.95,US,1712878126
20,luumaki,60.9262,27.5814,41.32,96,100,7.63,FI,1712878126
21,waitangi,-43.9535,-176.5597,63.82,92,100,11.99,NZ,1712878126
22,sitka,57.0531,-135.33,44.49,57,40,16.11,US,1712878127
23,dudinka,69.4058,86.1778,-21.32,100,85,8.01,RU,1712878127
24,longyearbyen,78.2186,15.6401,3.04,66,0,9.22,SJ,1712878127
25,kodiak,57.79,-152.4072,35.11,93,100,6.91,US,1712878127
26,pampa,35.5362,-100.9599,69.57,32,0,6.91,US,1712878127
27,udachny,66.4167,112.4,-11.56,98,100,5.06,RU,1712878127
28,vila franca do campo,37.7167,-25.4333,64.89,99,36,3.71,PT,1712878128
29,ushuaia,-54.8,-68.3,46.06,66,0,26.46,AR,1712878112
30,kapuskasing,49.4169,-82.4331,59.0,38,100,8.05,CA,1712877963
31,hawaiian paradise park,19.5933,-154.9731,72.9,97,100,1.01,US,1712878128
32,salaga,8.5508,-0.5188,82.17,65,100,4.72,GH,1712878128
33,alice springs,-23.7,133.8833,66.22,34,4,5.99,AU,1712877977
34,iskateley,67.6803,53.1512,35.02,100,100,17.0,RU,1712877934
35,ola,59.5833,151.2833,25.14,81,38,1.28,RU,1712878128
36,zaraza,9.3503,-65.3245,83.62,57,5,13.96,VE,1712878128
37,severo-yeniseyskiy,60.3725,93.0408,-3.42,99,98,1.01,RU,1712878129
38,floro,61.5996,5.0328,46.47,87,100,18.41,NO,1712878129
39,shizuishan,39.2333,106.7694,56.3,28,3,5.03,CN,1712878129
40,invercargill,-46.4,168.35,50.02,80,99,5.01,NZ,1712878129
41,chegdomyn,51.1167,133.0167,37.26,67,25,1.81,RU,1712878129
42,suva,-18.1416,178.4415,85.48,79,75,0.0,FJ,1712878129
43,petropavlovsk-kamchatsky,53.0452,158.6483,39.79,33,0,11.18,RU,1712878129
44,san fernando de apure,7.8878,-67.4724,94.84,30,8,5.93,VE,1712878130
45,olonkinbyen,70.9221,-8.7187,16.9,89,100,16.13,SJ,1712878130
46,mermoz boabab,14.7065,-17.4758,71.38,94,40,9.22,SN,1712878130
47,nibley,41.6744,-111.833,67.01,33,0,5.99,US,1712878130
48,hobyo,5.3505,48.5268,83.44,78,62,10.11,SO,1712878130
49,hamilton,39.1834,-84.5333,58.44,89,100,25.32,US,1712877896
50,tazovsky,67.4667,78.7,-7.65,94,63,15.05,RU,1712878130
51,krasnoznamensk,55.5994,37.0386,48.83,65,0,11.18,RU,1712878131
52,yung shue wan,22.2333,114.1167,78.31,86,7,1.01,HK,1712878131
53,whitehorse,60.7161,-135.0538,47.17,29,20,16.11,CA,1712878066
54,sakchu-up,40.3894,125.0467,52.11,71,31,6.31,KP,1712878131
55,mejit,10.2753,170.8646,80.02,79,100,20.67,MH,1712878131
56,puerto ayora,-0.7393,-90.3518,79.56,97,57,8.01,EC,1712878131
57,hithadhoo,-0.6,73.0833,83.34,73,100,5.14,MV,1712878131
58,mata-utu,-13.2816,-176.1745,85.33,75,40,11.01,WF,1712878131
59,praia da vitoria,38.7333,-27.0667,61.05,94,75,7.02,PT,1712878132
60,balikpapan,-1.2675,116.8289,77.99,94,20,2.3,ID,1712878132
61,uturoa,-16.7333,-151.4333,84.78,73,46,17.67,PF,1712878085
62,puerto san jose,13.9256,-90.8244,91.45,49,100,6.91,GT,1712878132
63,ribeira grande,38.5167,-28.7,60.78,93,97,5.01,PT,1712878132
64,laojunmiao,39.8333,97.7333,46.36,27,6,4.36,CN,1712878132
65,kodinsk,58.6881,99.1844,22.44,96,100,1.88,RU,1712877847
66,fort mcmurray,56.7268,-111.381,56.79,26,75,14.97,CA,1712878133
67,lewistown,40.5992,-77.5714,64.87,97,100,12.66,US,1712878133
68,hauterive,46.0901,3.4459,46.99,88,46,1.81,FR,1712878133
69,yauya,-8.9833,-77.3,56.1,74,85,2.55,PE,1712878133
70,toamasina,-18.1667,49.3833,77.0,94,75,9.22,MG,1712878133
71,arraial do cabo,-22.9661,-42.0278,77.74,84,96,3.87,BR,1712878133
72,changling,44.2653,124.0005,55.0,74,98,1.99,CN,1712878133
73,kapa'a,22.0752,-159.319,82.38,83,0,4.61,US,1712878133
74,tura,25.5198,90.2201,73.9,40,80,3.36,IN,1712878134
75,punta arenas,-53.15,-70.9167,46.51,66,0,32.21,CL,1712878053
76,sabalgarh,26.25,77.4,80.94,25,69,4.03,IN,1712878134
77,ilulissat,69.2167,-51.1,21.22,86,100,3.44,GL,1712878134
78,bestobe,52.4994,73.0975,34.34,77,100,10.63,KZ,1712878134
79,linxia chengguanzhen,35.6003,103.2064,47.16,32,79,3.13,CN,1712878134
80,stanley,54.868,-1.6985,55.78,89,20,14.97,GB,1712878061
81,las tablas,7.7667,-80.2833,83.17,99,100,9.4,PA,1712878135
82,port mathurin,-19.6833,63.4167,79.88,77,7,10.8,MU,1712878135
83,ventspils,57.3894,21.5606,42.73,100,100,17.27,LV,1712878135
84,utrik,11.2278,169.8474,80.04,74,97,20.69,MH,1712878135
85,kaduna,10.5222,7.4383,82.98,11,100,6.29,NG,1712878135
86,nar'yan-mar,67.6713,53.087,35.11,100,100,17.0,RU,1712878135
87,timimoun,29.2639,0.231,66.58,13,0,8.05,DZ,1712878135
88,alegrete,-29.7831,-55.7919,64.17,76,100,19.42,BR,1712878136
89,labuan,5.2767,115.2417,82.76,89,20,2.3,MY,1712878136
90,vilyuysk,63.7553,121.6247,-2.0,96,68,5.99,RU,1712878136
91,mariental,-24.6333,17.9667,68.04,35,0,11.97,NA,1712878136
92,colonia,50.9333,6.95,58.82,82,100,0.0,DE,1712877937
93,adamstown,-25.066,-130.1015,69.91,54,4,12.5,PN,1712878136
94,enewetak,11.3474,162.3373,80.49,79,95,21.47,MH,1712878136
95,badger,64.8,-147.5333,44.98,43,75,11.5,US,1712878137
96,dunedin,-45.8742,170.5036,48.79,94,100,3.0,NZ,1712878026
97,lihue,21.9789,-159.3672,81.64,79,0,4.61,US,1712878137
98,papatowai,-46.5619,169.4708,46.62,81,100,4.72,NZ,1712878137
99,sao raimundo das mangabeiras,-7.0219,-45.4811,79.21,82,71,3.94,BR,1712878137
100,parakou,9.3372,2.6303,86.83,54,97,11.32,BJ,1712878137
101,castillos,-34.1667,-53.8333,62.06,58,99,7.07,UY,1712878138
102,yoloten,37.2989,62.3597,68.74,35,79,9.57,TM,1712878138
103,arkhangel'sk,64.5401,40.5433,41.13,65,40,15.66,RU,1712878138
104,wailua homesteads,22.0669,-159.378,81.03,83,0,4.61,US,1712878138
105,barakani,-12.1356,44.4317,82.63,78,100,5.7,KM,1712878138
106,sur,22.5667,59.5289,85.57,45,82,8.66,OM,1712878138
107,skive,56.5667,9.0333,47.1,94,92,3.0,DK,1712878138
108,avarua,-21.2078,-159.775,82.45,94,100,14.97,CK,1712878138
109,kiama,-34.6833,150.8667,67.24,79,0,1.01,AU,1712878139
110,susanville,40.4163,-120.653,75.04,23,0,11.01,US,1712877962
111,isafjordur,66.0755,-23.124,26.83,94,100,30.18,IS,1712878139
112,puerto baquerizo moreno,-0.9,-89.6,79.14,82,59,7.29,EC,1712878139
113,blackmans bay,-43.0167,147.3167,57.52,71,81,7.63,AU,1712878139
114,sao felix do xingu,-6.6447,-51.995,75.36,95,85,1.05,BR,1712878139
115,riosucio,5.4216,-75.7032,67.01,84,97,2.89,CO,1712878139
116,behshahr,36.6923,53.5526,55.35,90,100,9.55,IR,1712878140
117,box elder,41.5005,-112.8764,54.43,48,9,5.91,US,1712878140
118,sorochinsk,52.4338,53.1583,50.76,74,96,14.14,RU,1712878140
119,margaret river,-33.95,115.0667,52.97,88,5,12.01,AU,1712878140
120,tiksi,71.6872,128.8694,-14.22,94,23,12.15,RU,1712878140
121,eureka,40.8021,-124.1637,58.93,71,56,8.01,US,1712878140
122,taikang,46.8333,124.4167,54.34,72,99,20.96,CN,1712878140
123,lerwick,60.1545,-1.1494,50.0,83,100,16.91,GB,1712878140
124,yellowknife,62.456,-114.3525,37.92,60,40,12.66,CA,1712877863
125,coahuayana de hidalgo,18.7,-103.6583,83.23,51,3,6.11,MX,1712878141
126,tannum sands,-23.9504,151.3693,76.89,61,0,12.66,AU,1712878141
127,tadine,-21.55,167.8833,75.49,75,100,8.48,NC,1712878141
128,arawa,-6.2132,155.5367,87.73,65,85,0.51,PG,1712878141
129,razumnoye,50.5344,36.6846,61.66,63,0,8.95,RU,1712878141
130,pambujan,12.5642,124.9276,78.4,89,84,4.85,PH,1712878141
131,ust-nera,64.5667,143.2,19.24,92,89,5.35,RU,1712878142
132,quellon,-43.1167,-73.6167,48.54,73,0,4.72,CL,1712878142
133,jamestown,42.097,-79.2353,63.99,97,100,10.36,US,1712877894
134,puerto carreno,6.189,-67.4859,98.91,26,65,11.32,CO,1712878142
135,tevriz,57.509,72.4042,24.08,85,60,7.96,RU,1712878142
136,moires,35.0532,24.8744,60.76,75,5,3.0,GR,1712878142
137,flying fish cove,-10.4217,105.6791,80.28,83,75,9.22,CX,1712878142
138,vadso,70.0744,29.7487,33.96,75,100,20.71,NO,1712878143
139,prince rupert,54.3161,-130.3201,44.69,68,100,10.36,CA,1712877912
140,par naogaon,24.8029,88.9508,76.06,45,79,7.43,BD,1712878143
141,dalandzadgad,43.5708,104.425,47.79,39,5,8.16,MN,1712878143
142,ulladulla,-35.35,150.4667,57.78,66,52,0.78,AU,1712878143
143,miri,4.4148,114.0089,78.94,100,20,2.3,MY,1712878143
144,malone,44.8487,-74.2949,59.09,78,91,15.86,US,1712878038
145,kruisfontein,-34.0033,24.7314,55.89,75,3,7.07,ZA,1712878143
146,carnarvon,-24.8667,113.6333,70.29,65,72,20.11,AU,1712878144
147,san andres,12.5847,-81.7006,86.02,74,20,12.66,CO,1712878144
148,biloxi,30.396,-88.8853,71.65,43,0,17.27,US,1712877914
149,minas de marcona,-15.2119,-75.1103,64.22,76,6,15.5,PE,1712878144
150,colchani,-20.3,-66.9333,58.24,24,16,6.49,BO,1712878144
151,bayganin,48.6947,55.8742,48.31,68,100,5.97,KZ,1712878144
152,alesund,62.4723,6.1549,50.92,71,20,13.8,NO,1712878144
153,saipan,15.1355,145.701,86.7,66,0,14.97,MP,1712878145
154,ta`u,-14.2336,-169.5144,84.16,78,5,10.29,AS,1712878145
155,marsh harbour,26.5412,-77.0636,75.92,84,100,21.32,BS,1712878145
156,horta,38.5333,-28.6333,60.03,93,94,5.01,PT,1712878145
157,mugia,43.1041,-9.2179,57.9,72,100,4.92,ES,1712878145
158,bethel,41.3712,-73.414,59.36,90,100,5.75,US,1712878145
159,west island,-12.1568,96.8225,80.58,78,40,8.05,CC,1712878145
160,college,64.8569,-147.8028,45.07,42,75,11.5,US,1712878145
161,port alfred,-33.5906,26.891,58.17,82,24,5.99,ZA,1712878146
162,georgetown,5.4112,100.3354,81.95,83,20,1.14,MY,1712878146
163,pagar alam,-4.0167,103.2667,68.94,98,92,1.63,ID,1712877889
164,dryden,49.7833,-92.7503,48.49,61,75,5.75,CA,1712878146
165,ushtobe,45.2514,77.9838,43.83,81,100,20.0,KZ,1712878146
166,ghanzi,-21.5667,21.7833,66.13,36,47,7.76,BW,1712878146
167,newquay,50.4132,-5.0819,52.23,93,20,12.66,GB,1712878146
168,magadan,59.5667,150.8,24.53,85,32,3.33,RU,1712878146
169,tromso,69.6496,18.957,33.82,93,100,5.75,NO,1712878028
170,luchegorsk,46.4764,134.2569,50.52,73,7,5.99,RU,1712878147
171,kharp,66.8014,65.8081,19.71,96,100,6.69,RU,1712878147
172,cifteler,39.3831,31.0392,49.59,87,12,7.14,TR,1712878147
173,chilliwack,49.1747,-121.9443,49.19,92,100,3.0,CA,1712877933
174,agadez,19.75,10.25,82.51,10,64,9.71,NE,1712878147
175,tofol,5.3248,163.0078,82.18,83,100,10.36,FM,1712878147
176,saint-philippe,-21.3585,55.7679,76.59,86,54,4.83,RE,1712878147
177,atafu village,-8.5421,-172.5159,85.21,76,42,8.25,TK,1712877977
178,aasiaat,68.7098,-52.8699,19.83,93,99,4.83,GL,1712878148
179,bilibino,68.0546,166.4372,10.4,81,100,3.15,RU,1712878148
180,ambilobe,-13.2,49.05,75.16,96,21,3.0,MG,1712878148
181,egilsstadir,65.2653,-14.3948,31.91,100,75,8.05,IS,1712878148
182,mount pearl,47.5166,-52.7813,36.32,80,0,11.5,CA,1712878149
183,kiunga,-6.1219,141.2906,74.01,100,100,1.36,PG,1712878149
184,t'ongch'on-up,38.9539,127.8917,55.6,68,1,7.05,KP,1712878149
185,lucapa,-8.4192,20.7447,68.79,95,99,2.13,AO,1712878069
186,bouarfa,32.53,-1.95,52.21,31,1,18.63,MA,1712878149
187,tsiombe,-25.3,45.4833,68.11,88,95,4.61,MG,1712878149
188,puerto madryn,-42.7692,-65.0385,56.35,55,100,13.98,AR,1712878123
189,kenai,60.5544,-151.2583,37.49,97,100,4.61,US,1712878149
190,el nido,11.1858,119.3956,81.68,75,68,7.7,PH,1712878150
191,newman,37.3138,-121.0208,86.29,47,20,3.0,US,1712878150
192,camana,-16.6228,-72.7111,70.47,87,63,6.35,PE,1712878150
193,iskitim,54.6366,83.3045,22.26,78,92,8.93,RU,1712878150
194,gadzhiyevo,69.2551,33.3362,31.23,91,100,25.26,RU,1712878150
195,herval,-32.0236,-53.3956,58.73,72,39,9.93,BR,1712878150
196,guangyuan,32.442,105.823,62.83,84,86,1.5,CN,1712878151
197,salinas,36.6777,-121.6555,85.57,66,0,9.22,US,1712877884
198,anadyr,64.75,177.4833,9.1,78,0,6.71,RU,1712878151
199,nanao,37.05,136.9667,62.8,61,97,2.8,JP,1712878151
200,khagrachhari,23.1,91.9667,77.58,27,100,1.86,BD,1712878151
201,chonchi,-42.6128,-73.8092,52.81,78,0,1.25,CL,1712878151
202,sao joao da barra,-21.6403,-41.0511,77.09,83,8,6.04,BR,1712877908
203,kone,-21.0595,164.8658,73.72,87,100,0.02,NC,1712878152
204,papao,-17.75,-149.55,87.48,85,90,18.37,PF,1712878152
205,colonia general alfredo stroessner,-25.3667,-55.7,72.05,98,100,3.27,PY,1712878152
206,aral,40.5156,81.2636,62.96,96,8,7.43,CN,1712878152
207,kuanda,56.3161,116.0806,25.84,87,51,0.92,RU,1712878152
208,america dourada,-11.4553,-41.4361,70.95,91,92,6.13,BR,1712878153
209,iqaluit,63.7506,-68.5145,26.33,73,75,3.44,CA,1712878153
210,haiku-pauwela,20.9219,-156.3051,82.42,70,20,11.5,US,1712878153
211,hermanus,-34.4187,19.2345,56.8,73,28,16.62,ZA,1712878153
212,watampone,-4.5386,120.3279,75.96,95,100,4.23,ID,1712878153
213,broome,42.2506,-75.833,63.9,87,100,13.8,US,1712878153
214,ambatofinandrahana,-20.55,46.8,61.59,95,61,1.97,MG,1712878153
215,petukhovo,55.0692,67.9019,34.09,83,81,12.15,RU,1712878153
216,imbituba,-28.24,-48.6703,69.42,90,100,10.04,BR,1712878096
217,beni,0.5,29.4667,64.0,97,89,2.71,CD,1712878154
218,tabou,4.423,-7.3528,79.93,81,100,4.5,CI,1712878154
219,caleta de carquin,-11.0925,-77.6267,73.04,79,57,10.63,PE,1712877911
220,port augusta,-32.5,137.7667,61.38,60,99,5.08,AU,1712878154
221,selfoss,63.9331,-20.9971,37.04,98,100,6.49,IS,1712878154
222,longboat key,27.4125,-82.659,76.06,81,0,14.97,US,1712877662
223,babadag,44.9,28.7167,62.82,72,40,12.66,RO,1712878155
224,monticello,45.3055,-93.7941,57.9,52,0,19.57,US,1712877939
225,guane,22.2025,-84.0875,83.95,63,100,9.1,CU,1712878155
226,novosergiyevka,52.0934,53.6528,48.0,72,95,11.36,RU,1712878155
227,presidente medici,-11.1753,-61.9014,78.1,92,74,0.96,BR,1712878155
228,monte caseros,-30.2536,-57.6363,65.91,70,100,14.74,AR,1712878155
229,la gi,10.6667,107.7833,76.77,85,71,10.51,VN,1712878155
230,bella union,-30.2752,-57.6007,65.93,70,100,15.01,UY,1712878155
231,calvinia,-31.4707,19.776,54.48,42,4,9.15,ZA,1712878156
232,mount gambier,-37.8333,140.7667,56.55,62,100,3.6,AU,1712878156
233,talnakh,69.4865,88.3972,-21.8,97,95,8.75,RU,1712878156
234,waingapu,-9.6567,120.2641,77.52,82,69,7.4,ID,1712878156
235,fuling,29.7022,107.3919,62.06,92,83,2.06,CN,1712878156
236,yamada,39.4667,141.95,52.68,77,100,5.75,JP,1712878156
237,sinop,41.7711,34.8709,49.28,90,41,2.91,TR,1712878157
238,saldanha,-33.0117,17.9442,62.65,60,7,12.03,ZA,1712878157
239,moyale,3.5167,39.0584,70.65,80,35,4.36,KE,1712878157
240,tufanbeyli,38.2633,36.2206,46.42,83,84,3.67,TR,1712878157
241,leua,48.2156,18.6071,56.5,80,90,3.29,SK,1712878157
242,ponce,18.073,-66.6185,80.6,78,74,5.37,PR,1712878121
243,rio gallegos,-51.6226,-69.2181,48.25,46,20,16.11,AR,1712878047
244,new norfolk,-42.7826,147.0587,58.71,82,91,2.44,AU,1712878157
245,lumut,4.2323,100.6298,77.02,94,20,0.0,MY,1712878158
246,igarka,67.4667,86.5833,-24.99,100,55,1.99,RU,1712878158
247,shache,38.4167,77.2406,65.71,19,61,2.46,CN,1712878158
248,rikaze,29.25,88.8833,30.6,41,11,3.02,CN,1712878158
249,tommot,58.9564,126.2925,33.69,98,100,4.9,RU,1712878158
250,san antonio de pale,-1.4014,5.6325,81.75,77,100,5.66,GQ,1712878158
251,edmundston,47.3737,-68.3251,44.83,62,100,14.97,CA,1712878158
252,peace river,56.2501,-117.286,57.51,26,75,0.0,CA,1712877996
253,grande prairie,55.1667,-118.8027,57.38,24,100,11.5,CA,1712878159
254,kerikeri,-35.2268,173.9474,71.91,80,48,6.98,NZ,1712878159
255,kalmunai,7.4167,81.8167,81.16,82,93,4.5,LK,1712878159
256,lebu,-37.6167,-73.65,52.88,89,1,5.3,CL,1712878159
257,monterey,36.2505,-121.2516,80.19,27,0,1.99,US,1712878159
258,mhamid,29.82,-5.72,74.12,7,3,5.84,MA,1712878160
259,constantia,44.1833,28.65,61.7,59,26,6.91,RO,1712878105
260,chistopol',55.3631,50.6424,45.03,87,73,7.61,RU,1712878160
261,una,20.8167,71.0333,74.95,76,13,6.69,IN,1712878160
262,karimpur,23.9667,88.6167,82.26,39,100,2.01,IN,1712878160
263,san luis de la loma,17.2706,-100.8939,82.65,62,4,5.41,MX,1712878160
264,undurkhaan,47.3194,110.6556,43.41,54,42,8.84,MN,1712878160
265,ngara,-2.5122,30.6558,57.42,97,68,1.66,TZ,1712878160
266,meulaboh,4.1363,96.1285,78.1,89,93,3.42,ID,1712878161
267,amahai,-3.3333,128.9167,80.38,79,93,3.38,ID,1712878161
268,port lincoln,-34.7333,135.8667,58.87,61,100,8.21,AU,1712878161
269,acarau,-2.8856,-40.12,79.97,86,98,7.65,BR,1712878161
270,port elizabeth,-33.918,25.5701,58.1,79,20,8.05,ZA,1712878161
271,la ronge,55.1001,-105.2842,41.25,60,20,11.5,CA,1712878161
272,qaqortoq,60.7167,-46.0333,19.27,89,52,2.71,GL,1712878161
273,puerto penasco,31.3167,-113.5333,91.38,56,0,11.5,MX,1712878162
274,winnemucca,40.973,-117.7357,75.25,20,20,11.5,US,1712878162
275,sapulpa,35.9987,-96.1142,67.98,26,0,9.22,US,1712878162
276,afif,23.9065,42.9172,71.65,21,27,4.21,SA,1712878162
277,sinabang,2.4803,96.3801,79.74,84,100,3.13,ID,1712878162
278,kamaishi,39.2667,141.8833,52.66,80,100,5.41,JP,1712878162
279,glace bay,46.1969,-59.957,39.88,85,20,9.22,CA,1712878162
280,jambi city,-1.6,103.6167,74.14,99,96,2.44,ID,1712878163
281,bandarbeyla,9.4942,50.8122,81.82,86,35,4.92,SO,1712878074
282,saudarkrokur,65.7461,-19.6394,32.86,99,99,6.53,IS,1712878163
283,pemba,-12.974,40.5178,84.9,84,40,3.44,MZ,1712878163
284,ranot,7.7777,100.3213,83.61,75,98,12.8,TH,1712878163
285,tanjung pandan,-2.75,107.65,78.44,86,93,3.06,ID,1712878163
286,haimen,23.1935,116.6142,69.69,83,4,1.79,CN,1712878163
287,alenquer,-1.9417,-54.7383,79.39,91,89,2.3,BR,1712878164
288,puerto princesa,9.7392,118.7353,80.58,89,20,6.91,PH,1712878164
289,inhambane,-23.865,35.3833,71.71,68,99,12.46,MZ,1712877967
290,kingston,17.997,-76.7936,85.15,75,20,19.57,JM,1712878100
291,luderitz,-26.6481,15.1594,71.53,46,0,4.68,NA,1712878164
292,alofi,-19.0595,-169.9187,84.09,74,100,8.05,NU,1712878164
293,buncrana,55.1333,-7.45,53.82,95,100,11.36,IE,1712878164
294,miches,18.9836,-69.0476,77.49,82,60,12.82,DO,1712878165
295,rawai,7.7797,98.3253,78.91,75,28,18.07,TH,1712878165
296,ataq,14.5377,46.8319,69.94,72,73,10.51,YE,1712878165
297,lashkar gah,31.5938,64.3716,74.75,35,100,22.24,AF,1712878165
298,vila velha,-20.3297,-40.2925,81.95,82,20,4.61,BR,1712878022
299,al bawiti,28.3492,28.8659,66.49,32,2,6.87,EG,1712878165
300,fortuna,40.5982,-124.1573,58.66,78,40,10.36,US,1712878165
301,yabassi,4.457,9.9682,77.76,97,100,0.85,CM,1712878166
302,talodi,10.6325,30.3797,85.89,11,10,8.12,SD,1712877919
303,callao,-12.0667,-77.15,71.89,78,20,9.22,PE,1712878166
304,saint-joseph,-21.3667,55.6167,75.58,83,41,1.95,RE,1712878166
305,klyuchi,52.2667,79.1667,27.05,71,77,7.76,RU,1712878166
306,queenstown,-31.8976,26.8753,40.06,86,0,1.57,ZA,1712878166
307,inebolu,41.9747,33.7608,55.47,81,21,4.41,TR,1712878166
308,klaksvik,62.2266,-6.589,47.32,86,92,25.03,FO,1712878167
309,sohar,24.3643,56.7468,87.82,55,62,5.75,OM,1712878167
310,agat village,13.3886,144.6585,85.14,79,40,13.8,GU,1712878167
311,pyoksong-up,38.0475,125.5567,53.74,69,0,4.59,KP,1712878167
312,howrah,22.5892,88.3103,77.0,69,40,0.0,IN,1712878167
313,miles city,46.4083,-105.8406,56.37,28,0,3.44,US,1712878167
314,namsos,64.4662,11.4957,35.65,100,100,0.0,NO,1712877928
315,pizarro,4.9533,-77.366,80.62,82,39,5.19,CO,1712878168
316,nuuk,64.1835,-51.7216,27.21,93,100,8.05,GL,1712878168
317,choibalsan,48.0667,114.5,43.66,68,81,5.79,MN,1712878168
318,qamdo,31.1667,97.2333,27.34,59,28,4.21,CN,1712878168
319,namibe,-15.1961,12.1522,72.91,72,0,4.23,AO,1712878168
320,xilin hot,43.9667,116.0333,52.45,41,100,5.28,CN,1712878168
321,andorra,42.5,1.5,48.43,47,4,4.7,AD,1712878169
322,kinablangan,7.6947,126.5503,77.94,77,90,3.04,PH,1712878169
323,mccook,40.2019,-100.6257,66.25,17,0,18.41,US,1712878169
324,nenjiang,49.1833,125.2167,52.47,69,100,16.69,CN,1712878169
325,jacmel,18.2342,-72.5347,80.4,76,30,3.2,HT,1712878169
326,puerto aysen,-45.4,-72.7,42.75,92,0,0.81,CL,1712878169
327,hutchinson,38.0608,-97.9298,64.72,20,0,19.57,US,1712877949
328,soma,39.1855,27.6094,54.01,82,0,8.77,TR,1712878169
329,lompoc,34.6391,-120.4579,81.79,67,0,10.36,US,1712878060
330,vilyuchinsk,52.9306,158.4028,41.27,80,6,7.43,RU,1712878170
331,st. john's,47.5649,-52.7093,37.15,80,0,11.5,CA,1712877922
332,afaahiti,-17.75,-149.2833,85.87,87,89,16.53,PF,1712878170
333,pyay,18.8167,95.2167,83.64,46,57,3.56,MM,1712878170
334,pandan,14.0453,124.1694,79.45,87,92,8.66,PH,1712878170
335,villa gesell,-37.2639,-56.973,55.06,57,99,7.74,AR,1712878170
336,ambalangoda,6.2355,80.0538,78.8,86,90,5.7,LK,1712878171
337,manokwari,-0.8667,134.0833,80.69,76,95,1.81,ID,1712878171
338,oranjemund,-28.55,16.4333,77.45,30,1,14.65,NA,1712878171
339,leava,-14.3,-178.1667,84.51,78,99,12.12,WF,1712878171
340,lianhe,47.1333,129.2667,53.49,71,56,2.86,CN,1712878171
341,burao,9.5221,45.5336,79.43,60,8,4.23,SO,1712878171
342,keflavik,64.0049,-22.5624,39.11,87,75,16.11,IS,1712878171
343,reggane,26.7158,0.1714,77.14,18,0,17.4,DZ,1712878172
344,hami,42.8,93.45,55.99,37,2,7.05,CN,1712878172
345,hengchun,22.0042,120.7439,77.63,78,2,5.1,TW,1712878172
346,barranca,-10.75,-77.7667,72.91,77,53,7.76,PE,1712878172
347,cacador,-26.7753,-51.015,63.64,92,100,4.81,BR,1712878172
348,bargaal,11.2864,51.0773,80.98,82,67,6.2,SO,1712877921
349,port hueneme,34.1478,-119.1951,87.19,65,0,6.91,US,1712878172
350,goroka,-6.0834,145.3873,66.38,92,100,0.31,PG,1712878172
351,isangel,-19.55,169.2667,86.11,79,75,2.3,VU,1712878173
352,christchurch,-43.5333,172.6333,54.54,94,100,18.41,NZ,1712877967
353,happy valley-goose bay,53.3168,-60.3315,50.31,27,75,10.36,CA,1712878173
354,remire-montjoly,4.9167,-52.2667,82.44,89,75,4.61,GF,1712878173
355,bor,56.3567,44.0669,50.0,67,10,7.02,RU,1712878173
356,key west,24.5557,-81.7826,84.2,83,100,12.66,US,1712878021
357,birjand,32.8663,59.2211,57.67,67,75,6.91,IR,1712878173
358,kamen'-rybolov,44.7481,132.0403,45.91,79,25,10.0,RU,1712878174
359,outjo,-20.1167,16.15,70.09,43,55,3.2,NA,1712878174
360,karratha,-20.7377,116.8463,81.1,71,64,4.18,AU,1712878174
361,anshun,26.25,105.9333,60.51,93,95,3.8,CN,1712878174
362,swift current,50.2834,-107.8014,54.41,19,0,9.22,CA,1712878174
363,chinde,26.8418,88.0763,63.19,37,9,7.07,NP,1712878174
364,pisco,-13.7,-76.2167,73.45,78,0,19.57,PE,1712878174
365,ambon,-3.6954,128.1814,85.87,95,40,3.44,ID,1712878174
366,celestun,20.8667,-90.4,77.61,58,21,17.22,MX,1712878175
367,nelspruit,-25.4745,30.9703,62.89,82,56,6.91,ZA,1712877954
368,cavelossim,15.1726,73.9419,80.58,79,43,4.99,IN,1712878175
369,al jumum,21.6169,39.6981,76.12,42,78,4.83,SA,1712878175
370,barcelos,41.5388,-8.6151,60.94,81,100,5.5,PT,1712878175
371,ust'-kut,56.7938,105.7672,22.44,96,89,3.0,RU,1712878000
372,mammoth lakes,37.6485,-118.9721,63.32,26,0,14.97,US,1712878175
373,ziro,27.6333,93.8333,49.46,83,100,2.73,IN,1712878176
374,totness,5.8833,-56.3167,80.49,79,14,11.18,SR,1712877921
375,sona,45.4388,10.8255,57.33,82,0,4.61,IT,1712878176
376,thompson,55.7435,-97.8558,33.96,75,100,8.05,CA,1712878176
377,guiuan,11.0333,125.7247,81.05,77,97,8.05,PH,1712878176
378,fale old settlement,-9.3852,-171.2468,85.24,76,22,8.66,TK,1712878176
379,tazacorte,28.629,-17.9293,72.57,46,100,10.36,ES,1712878176
380,longmen,24.9597,118.0889,68.61,85,38,1.66,CN,1712878177
381,zabol,32.25,67.25,60.35,41,83,3.22,AF,1712878177
382,boguchany,58.3814,97.4531,23.86,87,100,1.99,RU,1712878177
383,broken hill,-31.95,141.4333,56.95,55,24,10.71,AU,1712877950
384,brokopondo,4.75,-55.1667,83.03,73,91,7.9,SR,1712878177
385,villamontes,-21.25,-63.5,61.05,83,100,4.43,BO,1712878177
386,roma,43.2128,-75.4557,63.82,81,100,14.97,US,1712878177
387,mazamari,-11.3258,-74.5308,77.23,85,84,0.78,PE,1712878177
388,narsimhapur,22.95,79.2,79.83,53,100,1.95,IN,1712878178
389,nemuro,43.3236,145.575,40.8,95,100,15.95,JP,1712878178
390,sanctuary point,-35.1114,150.629,66.97,68,86,1.21,AU,1712878178
391,aljezur,37.3191,-8.8033,61.48,75,67,4.63,PT,1712878178
392,nagqu,31.5,92.0,28.17,53,100,7.23,CN,1712878178
393,antofagasta,-23.65,-70.4,67.28,89,84,6.17,CL,1712878050
394,bardai,11.65,7.2333,83.1,10,94,9.26,NG,1712878178
395,shagonar,51.5333,92.8,35.53,89,82,4.23,RU,1712878179
396,altamont,42.2068,-121.7372,68.99,35,0,12.66,US,1712878179
397,al khawr,25.7667,51.3167,76.42,53,76,13.31,QA,1712878179
398,karsun,54.1994,46.9827,53.02,90,100,4.65,RU,1712878179
399,mulanje,-16.0316,35.5,67.51,97,100,6.69,MW,1712878179
400,chippewa falls,44.9369,-91.3929,63.37,41,75,13.8,US,1712878020
401,sarmiento,-45.5882,-69.07,53.4,36,0,3.83,AR,1712878179
402,puerto leguizamo,-0.1934,-74.7819,74.57,97,100,3.42,CO,1712878179
403,loudi,27.7344,111.9944,64.26,97,100,2.73,CN,1712877891
404,buba,11.5833,-15.0,75.76,63,0,8.39,GW,1712878180
405,fort saskatchewan,53.7168,-113.2187,57.69,27,100,11.5,CA,1712878180
406,youhao,47.8667,128.8333,52.92,69,84,3.96,CN,1712878180
407,port saint john's,-31.6229,29.5448,59.32,65,8,13.0,ZA,1712878180
408,chamical,-30.36,-66.314,54.59,85,100,4.5,AR,1712878180
409,santa cruz,-17.8,-63.1667,77.05,69,75,11.5,BO,1712878180
410,bel ombre,-4.6167,55.4167,82.24,78,20,6.91,SC,1712878181
411,formosa do rio preto,-11.0483,-45.1931,80.8,58,52,1.21,BR,1712878181
412,hammerfest,70.6634,23.6821,34.25,86,75,9.22,NO,1712878181
413,palikir - national government center,6.9248,158.1611,83.14,79,100,3.44,FM,1712878181
414,chongwe,-15.3292,28.682,68.58,96,89,9.86,ZM,1712878181
415,coquimbo,-29.9533,-71.3436,56.93,88,100,5.75,CL,1712878122
416,ugoofaaru,5.6667,73.0,84.36,73,79,4.61,MV,1712878181
417,griffith,41.5284,-87.4237,57.34,75,40,11.5,US,1712878181
418,gogosu,44.3739,22.5931,55.18,60,1,3.67,RO,1712878182
419,hadibu,12.65,54.0333,80.53,78,95,4.7,YE,1712878182
420,aykhal,66.0,111.5,-14.44,99,100,5.82,RU,1712878182
421,kolonia town,6.964,158.206,84.2,79,100,3.44,FM,1712878182
422,chernyshevskiy,63.0128,112.4714,-14.31,97,20,2.68,RU,1712878182
423,walvis bay,-22.9575,14.5053,62.26,82,5,6.33,NA,1712878182
424,kirakira,-10.4544,161.9205,85.77,67,97,5.12,SB,1712877919
425,taitung city,22.7583,121.1444,75.47,83,75,3.44,TW,1712878012
426,vorgashor,67.5833,63.95,14.81,87,100,22.03,RU,1712878183
427,bedford,52.1346,-0.4663,58.21,92,91,5.99,GB,1712878183
428,necochea,-38.5473,-58.7368,49.5,71,86,7.83,AR,1712877884
429,newberry,34.2746,-81.6187,75.97,65,25,18.54,US,1712878083
430,oodweyne,9.4092,45.064,81.39,56,37,5.88,SO,1712877921
431,codrington,-38.2667,141.9667,59.0,62,99,8.21,AU,1712878183
432,alapayevsk,57.8516,61.6963,46.36,87,100,11.48,RU,1712878184
433,nichinan,31.6,131.3667,62.28,86,100,10.13,JP,1712878184
434,masjed soleyman,31.9364,49.3039,71.91,36,44,2.24,IR,1712878184
435,kudahuvadhoo,2.6708,72.8944,84.58,69,38,4.05,MV,1712878184
436,senador pompeu,-5.5881,-39.3717,77.11,87,100,3.49,BR,1712878184
437,chern',53.4523,36.9145,48.99,72,50,6.91,RU,1712878184
438,jebba,9.1333,4.8333,89.26,55,99,9.78,NG,1712878184
439,juneau,58.3019,-134.4197,44.42,87,75,12.66,US,1712878185
440,robore,-18.3333,-59.75,72.55,98,91,5.32,BO,1712878185
441,bassila,9.0081,1.6654,79.48,72,100,8.03,BJ,1712878185
442,ko pha ngan,9.7578,100.0291,79.48,70,31,16.24,TH,1712877975
443,palmer,42.1584,-72.3287,58.86,81,100,5.75,US,1712878185
444,girua,-28.0283,-54.3497,65.59,95,100,12.66,BR,1712878185
445,turpan,42.9333,89.1667,63.93,26,0,5.35,CN,1712878134
446,camacupa,-12.0167,17.4833,64.08,96,99,0.92,AO,1712878185
447,mazagao,-0.115,-51.2894,80.65,94,71,4.29,BR,1712878186
448,fort st. john,56.2499,-120.8529,49.89,40,100,8.05,CA,1712877979
449,tsiroanomandidy,-18.7667,46.0333,67.87,97,100,2.57,MG,1712878186
450,narvik,68.4384,17.4272,36.81,91,100,3.27,NO,1712878186
451,archangelos,36.2149,28.1149,63.3,77,12,4.38,GR,1712878186
452,trairi,-3.2778,-39.2689,77.61,92,99,5.03,BR,1712878139
453,nikel,69.4128,30.222,32.18,91,99,17.56,RU,1712878186
454,el rosario,24.2556,-107.1828,83.77,25,65,8.93,MX,1712878186
455,tolanaro,-25.0319,46.9987,73.47,88,40,4.61,MG,1712878187
456,serowe,-22.3833,26.7167,60.73,71,82,13.8,BW,1712878187
457,koshki,54.2091,50.4677,52.2,91,100,10.02,RU,1712878187
458,hammamet,36.4,10.6167,58.86,81,77,8.93,TN,1712878187
459,zapatoca,6.8153,-73.2677,70.56,77,66,4.29,CO,1712878187
460,kindu,-2.95,25.95,70.79,93,100,1.59,CD,1712878187
461,susuman,62.7833,148.1667,9.99,92,99,3.0,RU,1712878187
462,sierra grande,-41.606,-65.3557,54.43,45,100,7.16,AR,1712878188
463,aydincik,36.1437,33.3202,65.39,71,4,6.69,TR,1712878188
464,siwa oasis,29.2041,25.5195,67.78,46,0,10.09,EG,1712878188
465,vernon,50.2581,-119.2691,59.61,41,100,2.3,CA,1712877890
466,laramie,41.3114,-105.5911,55.78,23,20,17.27,US,1712878188
467,popondetta,-8.7537,148.2534,77.77,93,97,0.2,PG,1712878188
468,berekua,15.2333,-61.3167,79.09,76,13,11.9,DM,1712878188
469,ikwiriri,-7.9562,38.9716,73.51,96,96,1.99,TZ,1712878188
470,hassi messaoud,31.6804,6.0729,60.66,41,40,6.91,DZ,1712878189
471,rancho palos verdes,33.7445,-118.387,84.42,75,0,16.11,US,1712878189
472,kirensk,57.7853,108.1119,21.96,95,100,5.01,RU,1712877898
473,tashtyp,52.7939,89.8983,32.95,87,100,0.47,RU,1712878189
474,nuku'alofa,-21.1333,-175.2,86.34,74,20,6.91,TO,1712878189
475,brisas de zicatela,15.8369,-97.0419,86.52,70,0,5.75,MX,1712878189
476,sunne,59.8376,13.143,50.41,85,21,6.44,SE,1712878189
477,la'ie,21.6477,-157.9253,80.56,81,100,8.01,US,1712878055
478,porto novo,6.4965,2.6036,81.03,78,78,10.45,BJ,1712878190
479,ilabaya,-17.4208,-70.5133,68.94,68,22,3.65,PE,1712878190
480,taroudant,30.4703,-8.877,73.29,25,5,4.9,MA,1712878172
481,richards bay,-28.783,32.0377,63.88,62,80,12.5,ZA,1712878190
482,midelt,32.6852,-4.7451,54.03,45,16,11.79,MA,1712878190
483,rabaul,-4.1967,152.1721,81.82,77,100,2.3,PG,1712878190
484,nizhniy kuranakh,58.8353,125.4869,32.45,99,100,3.6,RU,1712878190
485,mirny,62.5353,113.9611,-8.77,99,98,3.0,RU,1712878190
486,katsuren-haebaru,26.3369,127.8719,73.09,85,0,6.91,JP,1712878191
487,binhe,32.6883,112.8275,56.84,92,0,4.83,CN,1712878191
488,parabel',58.6978,81.4825,4.91,96,30,1.99,RU,1712878191
489,shambu,9.5667,37.1,61.32,30,49,1.25,ET,1712878191
490,ouadda,8.0777,22.4007,77.31,16,30,5.3,CF,1712878191
491,loiza,18.4313,-65.8802,80.58,78,75,18.41,PR,1712878191
492,zeerust,-25.5369,26.0751,59.27,59,0,3.44,ZA,1712878191
493,murzuq,25.9155,13.9184,72.9,14,5,20.78,LY,1712878192
494,quelimane,-17.8786,36.8883,74.82,85,95,7.43,MZ,1712878192
495,belokany,41.7258,46.4083,53.69,56,54,4.32,AZ,1712878192
496,dukhan,25.4297,50.7858,74.21,72,51,13.09,QA,1712878192
497,nyurba,63.2842,118.3319,-5.69,96,44,4.52,RU,1712878192
498,lata,40.1629,-8.3327,66.92,83,97,3.04,PT,1712878192
499,presque isle,46.6811,-68.0159,46.83,58,100,9.22,US,1712878151
500,champerico,14.3,-91.9167,93.74,66,68,7.7,GT,1712878192
501,taoudenni,22.6783,-3.9836,82.85,10,0,10.71,ML,1712878192
502,la passe,45.5549,-0.8967,55.63,94,48,7.16,FR,1712878193
503,rozhyshche,50.9154,25.2691,52.36,77,0,5.86,UA,1712878193
504,n'zeto,-7.2312,12.8666,79.95,83,100,8.99,AO,1712878193
505,ulsteinvik,62.3432,5.8487,50.9,89,85,13.87,NO,1712878193
506,porto seguro,-16.4497,-39.0647,82.92,78,20,6.91,BR,1712878193
507,bure,10.7,37.0667,69.37,19,61,7.0,ET,1712878193
508,puerto deseado,-47.7503,-65.8938,52.7,54,0,14.72,AR,1712878194
509,tabas,33.5959,56.9244,71.06,22,60,13.76,IR,1712878194
510,bikenibeu village,1.3673,173.1241,87.76,74,20,6.91,KI,1712878194
511,vredefort,-27.0081,27.3646,52.99,49,0,6.29,ZA,1712878194
512,polyarnyy,69.1989,33.4478,31.12,91,100,25.03,RU,1712878194
513,berdigestyakh,62.0989,126.6992,8.4,92,100,9.35,RU,1712878194
514,okhotsk,59.3833,143.3,26.42,91,85,4.45,RU,1712878195
515,sisimiut,66.9395,-53.6735,22.51,90,96,3.04,GL,1712878195
516,kuala terengganu,5.3302,103.1408,80.55,89,40,3.44,MY,1712878195
517,kutum,14.2,24.6667,73.29,14,8,8.72,SD,1712878195
518,scottburgh,-30.2867,30.7532,59.27,58,1,12.37,ZA,1712878195
519,saint-laurent-du-maroni,5.5039,-54.0289,77.77,87,80,3.91,GF,1712878064
520,aquin,18.2833,-73.4,79.66,75,17,3.58,HT,1712878195
521,gwanda,-20.9333,29.0,61.48,83,94,14.0,ZW,1712878196
522,gourdon,44.75,1.5,47.62,93,17,2.64,FR,1712878196
523,wuxi,31.5689,120.2886,59.94,98,100,5.66,CN,1712878096
524,quibala,-10.7337,14.98,65.03,99,99,0.83,AO,1712878196
525,lazaro cardenas,17.9583,-102.2,81.14,63,0,8.25,MX,1712878196
526,murghob,38.1702,73.9667,14.23,64,96,7.25,TJ,1712877977
527,polyarnyye zori,67.3661,32.4981,33.98,86,91,15.48,RU,1712878196
528,arta,39.1606,20.9853,60.44,53,68,6.2,GR,1712878197
529,luwingu,-10.2621,29.9271,63.95,99,100,5.3,ZM,1712878197
530,mahibadhoo,3.7833,72.9667,84.45,74,26,5.44,MV,1712878197
531,manicore,-5.8092,-61.3003,77.76,97,100,0.85,BR,1712878197
532,angaur state,6.906,134.13,82.53,74,68,12.73,PW,1712878197
533,san patricio,28.017,-97.5169,86.09,23,0,11.99,US,1712878197
534,plettenberg bay,-34.0527,23.3716,55.76,70,15,3.76,ZA,1712878197
535,westport,41.1415,-73.3579,60.62,91,100,3.0,US,1712877908
536,safotu,-13.4513,-172.4018,85.15,80,32,11.9,WS,1712878198
537,cole harbour,44.6724,-63.4751,40.96,80,100,5.99,CA,1712878198
538,noumea,-22.2763,166.4572,80.01,99,100,2.98,NC,1712878198
539,alvorada,-12.48,-49.1247,75.52,88,91,3.51,BR,1712878198
540,changli,39.7042,119.1506,59.81,73,1,7.25,CN,1712878198
541,urangan,-25.3,152.9,75.2,78,7,8.99,AU,1712878198
542,hilo,19.7297,-155.09,73.62,98,100,4.0,US,1712878199
543,madang,-5.2246,145.7966,78.58,88,100,3.6,PG,1712878199
544,la plata,-34.9215,-57.9545,56.84,65,53,9.6,AR,1712877992
545,severnoye,56.3491,78.3619,16.99,87,14,3.0,RU,1712878199
546,colares,38.7992,-9.4469,72.59,63,66,7.9,PT,1712878199
547,twentynine palms,34.1356,-116.0542,87.96,11,0,1.99,US,1712878199
548,chefchaouene,35.1688,-5.2636,54.23,64,9,9.91,MA,1712878199
549,kavieng,-2.5744,150.7967,81.79,78,99,3.65,PG,1712878200
550,san antonio,29.4241,-98.4936,85.37,21,0,11.5,US,1712877935
551,kasongo-lunda,-6.4667,16.8167,72.54,97,100,1.25,CD,1712878200
552,cill airne,52.05,-9.5167,52.57,98,100,5.3,IE,1712878200
553,duayaw-nkwanta,7.1724,-2.1028,73.02,94,100,2.48,GH,1712878200
554,la almunia de dona godina,41.4767,-1.3745,60.17,45,17,0.29,ES,1712878200
555,neufchateau,48.35,5.7,48.74,88,92,2.1,FR,1712878205
556,kununurra,-15.7667,128.7333,75.18,57,40,6.91,AU,1712878205
557,kananga,-5.8958,22.4178,73.26,89,100,2.8,CD,1712878206
558,fraserburgh,57.6874,-2.0184,57.11,92,100,14.72,GB,1712878206
559,tortoli,39.9256,9.6572,53.42,62,0,9.22,IT,1712878206
560,valdivia,-39.8142,-73.2459,55.49,77,0,2.01,CL,1712878122
561,ketchikan,55.3422,-131.6461,44.35,81,75,3.44,US,1712878207
562,hasaki,35.7333,140.8333,64.29,82,100,11.83,JP,1712878207
563,huarmey,-10.0681,-78.1522,73.92,78,33,8.46,PE,1712878207
564,lubao,14.9167,120.55,80.67,63,46,6.13,PH,1712878207
565,brookings,44.3114,-96.7984,53.94,52,75,23.02,US,1712878019
566,jutai,-5.1833,-68.9,75.02,95,97,1.72,BR,1712878207
567,sretensk,52.2453,117.7093,43.16,87,100,3.11,RU,1712878208
568,tual,-5.6667,132.75,83.48,71,88,6.11,ID,1712878208
569,cooper's town,26.8667,-77.5167,75.29,89,100,23.94,BS,1712878208
570,guatire,10.4762,-66.5427,73.33,86,2,3.58,VE,1712877958
571,choyr,46.3611,108.3611,45.18,49,14,3.51,MN,1712878208
572,labrador city,52.9463,-66.9114,39.11,70,100,12.66,CA,1712878208
573,al bardiyah,31.7561,25.0865,59.68,86,53,6.17,LY,1712878208
574,velke mezirici,49.3552,16.0122,51.4,64,42,4.97,CZ,1712878208
575,harper,4.375,-7.7169,79.72,85,100,5.48,LR,1712878209
576,chauk,20.8833,94.8167,84.2,31,0,1.41,MM,1712878209
577,lindale,32.5157,-95.4094,71.55,30,0,16.11,US,1712878209
578,wadesboro,34.9682,-80.0767,71.38,88,75,12.66,US,1712878209
579,chubbuck,42.9208,-112.4661,67.89,23,0,11.5,US,1712878209
580,bom jesus,-9.0744,-44.3586,82.04,60,81,1.61,BR,1712878209
581,brody,50.0879,25.1503,49.28,70,60,4.05,UA,1712878209
582,bekobod,40.2208,69.2697,64.09,71,100,8.39,UZ,1712878210
583,lensk,60.7253,114.9278,5.04,89,98,2.89,RU,1712878210
584,alta,69.9689,23.2717,34.86,83,100,48.99,NO,1712878210
585,mortara,45.2473,8.7355,60.71,81,17,0.65,IT,1712878210
586,bilajer,40.5681,50.0378,58.82,51,0,23.02,AZ,1712878210
